56.029874,54.77804,Россия,Республика Башкортостан,Уфа,проспект Октября,93
55.892539,54.499642,Россия,Республика Башкортостан,село Булгаково,улица Цюрупы,133
55.923513,53.34136,Россия,Республика Башкортостан,Салават,бульвар Салавата Юлаева,5
54.251856,56.09235,Россия,Республика Башкортостан,Нефтекамск,Комсомольский проспект,15
56.039584,53.45194,Россия,Республика Башкортостан,Ишимбай,проспект Ленина,42
54.846271,55.49082,Россия,Республика Башкортостан,Дюртюли,улица Ленина,36
54.847322,55.49313,Россия,Республика Башкортостан,Дюртюли,Первомайская улица,12
54.933354,56.268351,Россия,Республика Башкортостан,Янаул,улица Ленина,8
55.989584,54.752614,Россия,Республика Башкортостан,Уфа,улица Рихарда Зорге,22
56.004469,54.754578,Россия,Республика Башкортостан,Уфа,проспект Октября,52
55.836224,54.711806,Россия,Республика Башкортостан,Уфа,Дагестанская улица,12
55.836826,54.703733,Россия,Республика Башкортостан,Уфа,улица Правды,12
56.034769,54.78887,Россия,Республика Башкортостан,Уфа,проспект Октября,121
56.068411,54.81861,Россия,Республика Башкортостан,Уфа,улица Космонавтов,22/25
56.177646,54.368349,Россия,Республика Башкортостан,село Кармаскалы,улица Султан-Галиева,37
56.082865,54.814937,Россия,Республика Башкортостан,Уфа,Первомайская улица,38
55.884571,54.031491,Россия,Республика Башкортостан,село Толбазы,улица Ленина,5
54.241373,56.091597,Россия,Республика Башкортостан,Нефтекамск,улица Ленина,46
54.252763,56.080758,Россия,Республика Башкортостан,Нефтекамск,Парковая улица,3
53.465022,54.483316,Россия,Республика Башкортостан,Октябрьский,улица Горького,9
56.035371,54.778269,Россия,Республика Башкортостан,Уфа,Российская улица,82
53.701351,54.602851,Россия,Республика Башкортостан,Туймазы,проспект Ленина,15
55.995702,54.721858,Россия,Республика Башкортостан,Уфа,улица Минигали Губайдуллина,19
55.029411,54.21285,Россия,Республика Башкортостан,Давлеканово,улица Мажита Гафури,10
55.05256,54.21463,Россия,Республика Башкортостан,Давлеканово,Заводская улица,8А
55.940339,53.599721,Россия,Республика Башкортостан,Стерлитамак,улица Гоголя,118
54.102394,54.097528,Россия,Республика Башкортостан,Белебей,Красная улица,134
55.95738,54.743224,Россия,Республика Башкортостан,Уфа,улица Ленина,128
55.185897,53.176016,Россия,Республика Башкортостан,село Фёдоровка,Коммунистическая улица,90
56.130692,54.78547,Россия,Республика Башкортостан,Уфа,улица Ферина,6
56.037635,54.780413,Россия,Республика Башкортостан,Уфа,Российская улица,37
55.948567,53.653805,Россия,Республика Башкортостан,Стерлитамак,проспект Ленина,1
55.998495,54.760942,Россия,Республика Башкортостан,Уфа,улица Рихарда Зорге,45
54.809917,53.630018,Россия,Республика Башкортостан,село Киргиз-Мияки,улица Губайдуллина,136
56.067333,54.822526,Россия,Республика Башкортостан,Уфа,улица Конституции,9А
54.2262,56.09922,Россия,Республика Башкортостан,Нефтекамск,улица Ленина,31
56.076721,54.770089,Россия,Республика Башкортостан,Уфа,улица Юрия Гагарина,48
53.700506,54.595925,Россия,Республика Башкортостан,Туймазы,улица Мичурина,20/1
31.245301,58.542842,Россия,Новгородская область,Великий Новгород,улица Ломоносова,3
31.234476,58.536567,Россия,Новгородская область,Великий Новгород,проспект Мира,13к1
31.291313,58.524365,Россия,Новгородская область,Великий Новгород,Большая Московская улица,48
135.139371,48.506895,Россия,Хабаровский край,Хабаровск,улица Карла Маркса,182
135.104094,48.43703,Россия,Хабаровский край,Хабаровск,улица А.А. Вахова,2
135.084601,48.488238,Россия,Хабаровский край,Хабаровск,улица Карла Маркса,76А
135.052567,48.520485,Россия,Хабаровский край,Хабаровск,улица Шелеста,116А
135.108649,48.414855,Россия,Хабаровский край,Хабаровск,Краснореченская улица,90к3
47.50532,42.952252,Россия,Республика Дагестан,Махачкала,улица Юсупа Акаева,2
47.50532,42.952252,Россия,Республика Дагестан,Махачкала,улица Юсупа Акаева,2
47.496399,42.970712,Россия,Республика Дагестан,Махачкала,улица Дахадаева,105
47.482287,42.973456,Россия,Республика Дагестан,Махачкала,Ташкентская улица,28
47.51397,42.976867,Россия,Республика Дагестан,Махачкала,улица Магомеда Ярагского,25
47.508096,42.981088,Россия,Республика Дагестан,Махачкала,проспект Расула Гамзатова,12
41.498016,52.590464,Россия,Тамбовская область,Котовск,Октябрьская улица,20
41.498016,52.590464,Россия,Тамбовская область,Котовск,Октябрьская улица,20
41.449282,52.722659,Россия,Тамбовская область,Тамбов,Коммунальная улица,18
41.430813,52.741336,Россия,Тамбовская область,Тамбов,Мичуринская улица,64
42.261,51.983099,Россия,Тамбовская область,Уварово,,
41.441395,52.414977,Россия,Тамбовская область,посёлок городского типа Знаменка,Советская улица,18
41.506361,52.586054,Россия,Тамбовская область,Котовск,Советская улица,2Б
41.470078,52.73331,Россия,Тамбовская область,Тамбов,Московская улица,29
41.427301,52.758523,Россия,Тамбовская область,Тамбов,улица Рылеева,60В
41.466557,52.703079,Россия,Тамбовская область,Тамбов,Астраханская улица,14
41.501241,52.596055,Россия,Тамбовская область,Котовск,Красногвардейская улица,9
41.450917,52.739684,Россия,Тамбовская область,Тамбов,Советская улица,176/11
41.441485,52.722894,Россия,Тамбовская область,Тамбов,Красная улица,14
41.518677,52.575991,Россия,Тамбовская область,Котовск,улица Посконкина,30
41.592249,52.474699,Россия,Тамбовская область,,,
41.472881,52.687776,Россия,Тамбовская область,Тамбов,Клубная улица,4
41.467186,52.708874,Россия,Тамбовская область,Тамбов,Советская улица,21
42.722015,52.65075,Россия,Тамбовская область,Кирсанов,Красноармейская улица,17А
41.470977,52.701933,Россия,Тамбовская область,Тамбов,Советская улица,6
41.436886,52.756561,Россия,Тамбовская область,Тамбов,бульвар Энтузиастов,2А
41.40504,52.728724,Россия,Тамбовская область,Тамбов,Полынковская улица,59
41.392518,52.717346,Россия,Тамбовская область,Тамбов,проезд Николая Островского,
41.49807,52.586038,Россия,Тамбовская область,Котовск,Октябрьская улица,8
41.411975,52.750625,Россия,Тамбовская область,Тамбов,Мичуринская улица,112В
41.44913,52.725364,Россия,Тамбовская область,Тамбов,Октябрьская улица,8
41.387757,52.720821,Россия,Тамбовская область,Тамбов,улица Киквидзе,98
41.45575,52.737825,Россия,Тамбовская область,Тамбов,улица Чичканова,18
41.449678,52.654061,Россия,Тамбовская область,посёлок Строитель,,
41.443147,52.643101,Россия,Тамбовская область,посёлок Строитель,11,
41.469755,52.732274,Россия,Тамбовская область,Тамбов,Московская улица,38
41.47157,52.704214,Россия,Тамбовская область,Тамбов,Советская улица,7А
41.567671,52.809541,Россия,Тамбовская область,село Тулиновка,Советская улица,56
41.154545,51.997596,Россия,Тамбовская область,рабочий посёлок Токарёвка,проспект Революции,28
41.415092,52.702282,Россия,Тамбовская область,Тамбов,улица Ивана Франко,
41.428387,52.697005,Россия,Тамбовская область,Тамбов,Покровская улица,1А
41.396434,52.707772,Россия,Тамбовская область,Тамбов,32,
41.382466,52.722299,Россия,Тамбовская область,Тамбов,улица Киквидзе,77Ж
41.393542,52.768713,Россия,Тамбовская область,Тамбов,Мичуринская улица,213
42.494248,52.319313,Россия,Тамбовская область,посёлок городского типа Инжавино,Ленинская улица,56
41.400118,52.772881,Россия,Тамбовская область,Тамбов,улица Агапкина,15
41.408759,52.756479,Россия,Тамбовская область,Тамбов,Мичуринская улица,167В
41.464257,52.72447,Россия,Тамбовская область,Тамбов,Рассказовская улица,20
41.443964,52.642428,Россия,Тамбовская область,посёлок Строитель,10Ак1,
41.437254,52.759509,Россия,Тамбовская область,Тамбов,бульвар Энтузиастов,1
41.466081,52.703974,Россия,Тамбовская область,Тамбов,улица Карла Маркса,2
37.569216,55.783165,Россия,Москва,Москва,Ленинградский проспект,23
37.800901,55.811007,Россия,Москва,Москва,Щёлковское шоссе,вл75
37.488727,55.651516,Россия,Москва,Москва,Ленинский проспект,119
37.417733,55.741323,Россия,Москва,Москва,Ярцевская улица,32
37.615479,55.793915,Россия,Москва,Москва,Шереметьевская улица,1к1
37.70072,55.795666,Россия,Москва,Москва,улица Стромынка,25с1
37.501285,55.740588,Россия,Москва,Москва,улица Барклая,7к1
37.601259,55.76168,Россия,Москва,Москва,Тверской бульвар,19
37.677831,55.717229,Россия,Москва,Москва,Шарикоподшипниковская улица,13с1
37.631047,55.765341,Россия,Москва,Москва,улица Большая Лубянка,24/15с1
37.569216,55.783165,Россия,Москва,Москва,Ленинградский проспект,23
37.667438,55.868849,Россия,Москва,Москва,улица Менжинского,21
37.506047,55.703119,Россия,Москва,Москва,Мичуринский проспект,16
37.526609,55.606787,Россия,Москва,Москва,Новоясеневский проспект,22к1
37.550298,55.54781,Россия,Москва,Москва,бульвар Адмирала Ушакова,12
37.532017,55.688096,Россия,Москва,Москва,улица Строителей,17к1
37.598726,55.773317,Россия,Москва,Москва,1-й Тверской-Ямской переулок,16
37.62139,55.724094,Россия,Москва,Москва,Люсиновская улица,12
37.436185,55.826377,Россия,Москва,Москва,проезд Стратонавтов,9
37.554663,55.800878,Россия,Москва,Москва,улица 8 Марта,1с12
37.744522,55.651318,Россия,Москва,Москва,Люблинская улица,163/1
37.476699,55.847134,Россия,Москва,Москва,Ленинградское шоссе,80с1
37.611446,55.760256,Россия,Москва,Москва,Тверская улица,6с1
37.58455,55.754801,Россия,Москва,Москва,Новинский бульвар,18с1
37.666647,55.638485,Россия,Москва,Москва,Кантемировская улица,16к1
37.745232,55.696788,Россия,Москва,Москва,улица Чистова,16к1
37.583508,55.852571,Россия,Москва,Москва,Алтуфьевское шоссе,9
37.608526,55.714414,Россия,Москва,Москва,улица Лестева,21/61к1
37.560835,55.659231,Россия,Москва,Москва,Херсонская улица,43
37.469593,55.665919,Россия,Москва,Москва,улица Покрышкина,8к1
37.719244,55.7836,Россия,Москва,Москва,улица Измайловский Вал,2
37.416727,55.74073,Россия,Москва,Москва,Ельнинская улица,23с2
37.662326,55.886943,Россия,Москва,Москва,улица Грекова,8с2
37.303746,55.489085,Россия,Москва,Троицк,,32
37.752984,55.659744,Россия,Москва,Москва,Братиславская улица,12
37.465982,55.73664,Россия,Москва,Москва,Малая Филёвская улица,22
37.793391,55.71622,Россия,Москва,Москва,Рязанский проспект,48
37.630257,55.743132,Россия,Москва,Москва,Пятницкий переулок,3
37.362855,55.84443,Россия,Москва,Москва,Митинская улица,25
37.307267,55.474664,Россия,Москва,Троицк,Центральная улица,6
37.297934,55.477643,Россия,Москва,Троицк,Октябрьский проспект,17А
37.624112,55.761796,Россия,Москва,Москва,улица Рождественка,6/9/20с1
37.586688,55.747784,Россия,Москва,Москва,улица Арбат,51с1
37.357842,55.834229,Россия,Москва,Москва,улица Генерала Белобородова,23
37.559784,55.781742,Россия,Москва,Москва,Беговая улица,17к1
37.568084,55.689136,Россия,Москва,Москва,улица Дмитрия Ульянова,12к1
37.851799,55.700557,Россия,Москва,Москва,Лермонтовский проспект,10к1
37.647846,55.826104,Россия,Москва,Москва,проспект Мира,182
37.510502,55.617225,Россия,Москва,Москва,Новоясеневский проспект,1Бк1
37.624525,55.761016,Россия,Москва,Москва,Пушечная улица,9/6
37.585592,55.894969,Россия,Москва,Москва,Алтуфьевское шоссе,89
37.526483,55.778056,Россия,Москва,Москва,Хорошёвское шоссе,68
37.599372,55.779859,Россия,Москва,Москва,Новослободская улица,11
37.714276,55.793465,Россия,Москва,Москва,улица Преображенский Вал,14
37.583391,55.791668,Россия,Москва,Москва,улица Нижняя Масловка,5
37.648412,55.767924,Россия,Москва,Москва,Хоромный тупик,2/6
37.603837,55.779651,Россия,Москва,Москва,Селезнёвская улица,4
37.587946,55.821371,Россия,Москва,Москва,улица Милашенкова,1
37.628711,55.739047,Россия,Москва,Москва,Пятницкая улица,33-35с2
37.525854,55.737076,Россия,Москва,Москва,Кутузовский проспект,45
37.405759,55.758225,Россия,Москва,Москва,Осенний бульвар,7к2
37.656065,55.753965,Россия,Москва,Москва,улица Земляной Вал,44
37.523779,55.644105,Россия,Москва,Москва,улица Миклухо-Маклая,43
37.46697,55.816515,Россия,Москва,Москва,Волоколамское шоссе,56к1
37.584748,55.722142,Россия,Москва,Москва,Фрунзенская набережная,36/2
37.799275,55.80915,Россия,Москва,Москва,9-я Парковая улица,70к1
37.664024,55.604748,Россия,Москва,Москва,6-я Радиальная улица,3к9
37.547405,55.688553,Россия,Москва,Москва,Ленинский проспект,73/8
37.857953,55.686051,Россия,Москва,Москва,улица Генерала Кузнецова,17
37.57112,55.762936,Россия,Москва,Москва,Малая Грузинская улица,3-9
37.677751,55.774234,Россия,Москва,Москва,Бауманская улица,26
37.569261,55.815403,Россия,Москва,Москва,улица Костякова,15
37.786258,55.749359,Россия,Москва,Москва,2-я Владимирская улица,45
37.634218,55.784,Россия,Москва,Москва,проспект Мира,51с1
37.62104,55.765184,Россия,Москва,Москва,Неглинная улица,16/2с3
37.492751,55.775373,Россия,Москва,Москва,проспект Маршала Жукова,17
37.397844,55.896781,Россия,Москва,Москва,улица Соловьиная Роща,16
37.719504,55.544795,Россия,Московская область,Видное,Берёзовая улица,6
37.718884,55.55001,Россия,Московская область,Видное,проспект Ленинского Комсомола,1В
50.199107,53.212517,Россия,Самарская область,Самара,улица Антонова-Овсеенко,16
49.170293,55.802174,Россия,Республика Татарстан,Казань,Сибирский переулок,16
50.257084,53.214577,Россия,Самарская область,Самара,Физкультурная улица,
49.225072,55.788024,Россия,Республика Татарстан,Казань,улица Хайдара Бигичева,22
44.52815,48.508274,Россия,Волгоградская область,Волгоград,Судостроительная улица,43
44.481941,48.527281,Россия,Волгоградская область,Волгоград,Лазоревая улица,203
44.427718,48.607334,Россия,Волгоградская область,Волгоград,улица Кирова,112
44.52815,48.508274,Россия,Волгоградская область,Волгоград,Судостроительная улица,43
43.928111,54.037371,Россия,Республика Мордовия,Ковылкино,улица Калинина,25Д
45.177524,54.194518,Россия,Республика Мордовия,Саранск,Пролетарская улица,124
47.869344,52.853006,Россия,Ульяновская область,рабочий посёлок Радищево,Советская улица,37
48.314217,54.280858,Россия,Ульяновская область,Ульяновск,Промышленная улица,81
45.14823,54.146808,Россия,Республика Мордовия,рабочий посёлок Николаевка,улица Ленина,90
45.940194,53.025684,Россия,Пензенская область,село Средняя Елюзань,Шоссейная улица,3А
45.954145,53.110692,Россия,Пензенская область,село Чаадаевка,улица Ленина,2
58.452558,51.46898,Россия,Оренбургская область,Гай,улица Ленина,15
37.896706,45.215841,Россия,Краснодарский край,станица Анастасиевская,Красная улица,150
58.158818,51.960657,Россия,Республика Башкортостан,село Бурибай,улица Заки Валиди,65А
107.607499,51.808522,Россия,Республика Бурятия,Улан-Удэ,улица Терешковой,7А
51.534399,54.130351,Россия,Самарская область,село Исаклы,Ленинская улица,55
44.467334,54.302593,Россия,Республика Мордовия,село Старое Шайгово,улица Ленина,2
50.023639,58.531202,Россия,Кировская область,Кирово-Чепецк,улица 60 лет Октября,3к1
82.934991,55.063148,Россия,Новосибирская область,Новосибирск,Танковая улица,43
56.068977,54.766822,Россия,Республика Башкортостан,Уфа,улица Юрия Гагарина,29
37.682521,55.773753,Россия,Москва,Москва,Бакунинская улица,14с1
37.658032,55.640792,Россия,Москва,Москва,Пролетарский проспект,19к3
37.76115,55.726421,Россия,Москва,Москва,Рязанский проспект,45к1
37.643408,55.759208,Россия,Москва,Москва,улица Покровка,11
37.632862,55.757298,Россия,Москва,Москва,улица Маросейка,2/15с1
37.520411,55.791177,Россия,Москва,Москва,проезд Берёзовой Рощи,12
37.455525,55.802998,Россия,Москва,Москва,улица Академика Бочвара,15
37.638279,55.851844,Россия,Москва,Москва,улица Седова,13к1
37.55407,55.550952,Россия,Москва,Москва,Скобелевская улица,4
37.629529,55.875072,Россия,Москва,Москва,Ясный проезд,10к1
35.36087,52.327867,Россия,Курская область,Железногорск,улица Ленина,16
37.434639,55.72565,Россия,Москва,Москва,улица Красных Зорь,21
37.543713,55.886539,Россия,Москва,Москва,Дмитровское шоссе,108Бс1
37.211201,55.99646,Россия,Москва,Зеленоград,к435А,
37.552732,55.759106,Россия,Москва,Москва,Шмитовский проезд,10/7
37.769118,55.710504,Россия,Москва,Москва,Зеленодольская улица,32к1
37.501591,55.947762,Россия,Московская область,Долгопрудный,проспект Пацаева,7к5
37.571264,55.786389,Россия,Москва,Москва,улица Расковой,12
37.845089,55.658256,Россия,Московская область,Котельники,1-й Покровский проезд,1
37.026364,55.705255,Россия,Московская область,посёлок Горки-10,23,
37.51582,55.781691,Россия,Москва,Москва,улица Куусинена,6к2
37.556128,55.565605,Россия,Москва,Москва,улица Поляны,8
37.601169,55.767418,Россия,Москва,Москва,Тверская улица,22
37.519467,55.787811,Россия,Москва,Москва,проезд Берёзовой Рощи,8
37.801799,55.756954,Россия,Москва,Москва,Федеративный проспект,9к1
35.368353,52.319616,Россия,Курская область,Железногорск,улица Красных партизан,7
37.454348,55.833016,Россия,Москва,Москва,улица Свободы,20
35.352991,52.33681,Россия,Курская область,Железногорск,улица Ленина,48к1
37.620761,55.693175,Россия,Москва,Москва,Варшавское шоссе,16
35.347628,52.34613,Россия,Курская область,Железногорск,улица Ленина,60
37.587847,55.574803,Россия,Москва,Москва,Старобитцевская улица,11
37.487685,55.83248,Россия,Москва,Москва,Ленинградское шоссе,44
37.261857,55.61448,Россия,Москва,посёлок Внуково,Базовая улица,2к1
35.359387,52.348842,Россия,Курская область,Железногорск,улица Димитрова,5
37.529349,55.536818,Россия,Москва,Москва,Южнобутовская улица,58
37.579645,55.726877,Россия,Москва,Москва,Комсомольский проспект,28
37.727185,55.689045,Россия,Москва,Москва,Шоссейная улица,9Ас1
37.533957,51.280196,Россия,Белгородская область,Губкин,улица Кирова,33
37.559173,55.504216,Россия,Москва,Щербинка,Новостроевская улица,6
37.203171,55.659124,Россия,Московская область,посёлок ВНИИССОК,Кленовая улица,
37.707098,55.747363,Россия,Москва,Москва,шоссе Энтузиастов,12к2
37.565254,55.814077,Россия,Москва,Москва,Тимирязевская улица,23
37.542392,55.743325,Россия,Москва,Москва,Кутузовский проспект,26к1
37.482313,55.566975,Россия,Москва,посёлок Коммунарка,улица Александры Монаховой,30с3
37.546974,55.758114,Россия,Москва,Москва,Шмитовский проезд,16с2
37.597423,55.757931,Россия,Москва,Москва,Малая Никитская улица,2/1с1
37.715138,55.808478,Россия,Москва,Москва,Бойцовая улица,2/30
37.604286,55.59428,Россия,Москва,Москва,улица Газопровод,1к6А
37.625999,55.724271,Россия,Москва,Москва,Большая Серпуховская улица,34-36с3
37.571129,55.684838,Россия,Москва,Москва,Профсоюзная улица,5/9
37.542024,55.642154,Россия,Москва,Москва,улица Введенского,13Б
37.635835,55.765311,Россия,Москва,Москва,Тургеневская площадь,2
37.883572,55.714648,Россия,Москва,Москва,Святоозёрская улица,1А
37.570599,55.842206,Россия,Москва,Москва,Дмитровское шоссе,42
37.51573,55.666624,Россия,Москва,Москва,Ленинский проспект,101
37.535826,55.686168,Россия,Москва,Москва,улица Строителей,7к1
37.562694,55.743314,Россия,Москва,Москва,Киевская улица,2
37.586877,55.777783,Россия,Москва,Москва,Лесная улица,5
37.662093,55.845855,Россия,Москва,Москва,проспект Мира,211к2
37.816549,55.820627,Россия,Москва,Москва,Алтайская улица,9А
37.668156,55.734871,Россия,Москва,Москва,Марксистская улица,9
37.33207,55.606853,Россия,Москва,деревня Лапшинка,вл9Ак1,
37.742223,55.652314,Россия,Москва,Москва,Люблинская улица,102А
37.472917,55.567143,Россия,Москва,посёлок Коммунарка,Лазурная улица,7
37.611446,55.760256,Россия,Москва,Москва,Тверская улица,6с1
37.511284,55.63626,Россия,Москва,Москва,улица Островитянова,18
37.537245,55.648118,Россия,Москва,Москва,улица Бутлерова,24
37.517716,55.802811,Россия,Москва,Москва,Ленинградский проспект,69с1
37.720223,55.783514,Россия,Москва,Москва,Семёновская площадь,7
37.604753,55.647925,Россия,Москва,Москва,Симферопольский бульвар,22к1
37.602472,55.795702,Россия,Москва,Москва,Стрелецкая улица,8
37.639312,55.680194,Россия,Москва,Москва,Нагатинская улица,11к1
37.437191,55.664705,Россия,Москва,Москва,Озёрная улица,50
37.589976,55.667858,Россия,Москва,Москва,Нахимовский проспект,25А
37.82644,55.813612,Россия,Москва,Москва,Щёлковское шоссе,91к2
37.475315,55.787315,Россия,Москва,Москва,улица Берзарина,21к1
37.585305,55.825133,Россия,Москва,Москва,улица Милашенкова,8
37.57775,55.707365,Россия,Москва,Москва,Ленинский проспект,34/1
37.556541,55.879202,Россия,Москва,Москва,улица 800-летия Москвы,22к2
37.758868,55.636458,Россия,Москва,Москва,Ключевая улица,10к1
37.662623,55.679976,Россия,Москва,Москва,проспект Андропова,28
37.531963,55.543649,Россия,Москва,Москва,улица Горчакова,11
37.347476,55.692313,Россия,Москва,Москва,Большой бульвар,42с1
37.507484,55.61813,Россия,Москва,Москва,Профсоюзная улица,129А
37.507484,55.61813,Россия,Москва,Москва,Профсоюзная улица,129А
37.454034,55.589305,Россия,Москва,Николо-Хованская улица,28с5,
37.628155,55.784759,Россия,Москва,Москва,улица Щепкина,61/2
37.443793,55.843788,Россия,Москва,Москва,улица Фабрициуса,22с1
37.725774,55.687964,Россия,Москва,Москва,Шоссейная улица,13
37.776143,55.703484,Россия,Москва,Москва,Волгоградский проспект,108к2
37.637569,55.847295,Россия,Москва,Москва,Лазоревый проезд,1Ак3
37.625055,55.758453,Россия,Москва,Москва,Никольская улица,10/2с2Б
37.666827,55.779423,Россия,Москва,Москва,Краснопрудная улица,26/1
37.557547,55.74673,Россия,Москва,Москва,Большая Дорогомиловская улица,16
37.506882,55.677737,Россия,Москва,Москва,проспект Вернадского,14А
37.463071,55.782274,Россия,Москва,Москва,улица Генерала Глаголева,14
37.852868,55.69662,Россия,Москва,Москва,Жулебинский бульвар,16
37.454852,55.84629,Россия,Москва,Москва,улица Свободы,42
37.596354,55.718111,Россия,Москва,Москва,Ленинский проспект,21
37.508158,55.801835,Россия,Москва,Москва,улица Алабяна,7
37.589868,55.73963,Россия,Москва,Москва,улица Пречистенка,33/19с1
37.538134,55.691526,Россия,Москва,Москва,Ломоносовский проспект,23
37.601277,55.754274,Россия,Москва,Москва,Никитский бульвар,8
37.663746,55.638536,Россия,Москва,Москва,Кантемировская улица,18к1
37.671166,55.636717,Россия,Москва,Москва,Кантемировская улица,17к1
37.730616,55.618878,Россия,Москва,Москва,Ореховый проезд,33с2
56.020253,54.749673,Россия,Республика Башкортостан,Уфа,улица 50 лет СССР,39
54.248092,56.087168,Россия,Республика Башкортостан,Нефтекамск,Комсомольский проспект,38
55.937706,53.342205,Россия,Республика Башкортостан,Салават,бульвар Салавата Юлаева,29
58.407067,53.970815,Россия,Республика Башкортостан,Белорецк,улица В. Ленина,59
56.029128,54.777246,Россия,Республика Башкортостан,Уфа,проспект Октября,91
56.069498,54.767409,Россия,Республика Башкортостан,Уфа,улица Юрия Гагарина,31
37.715507,55.757982,Россия,Москва,Москва,Авиамоторная улица,6с2
37.58146,55.81996,Россия,Москва,Москва,улица Яблочкова,16
37.513296,55.806059,Россия,Москва,Москва,Ленинградский проспект,78к1
37.63261,55.782618,Россия,Москва,Москва,улица Гиляровского,36с1А
37.819307,55.752784,Россия,Москва,Москва,Свободный проспект,33
37.721723,55.778365,Россия,Москва,Москва,проспект Будённого,1/1
37.866307,55.743583,Россия,Москва,Москва,Новокосинская улица,35
37.486158,55.8417,Россия,Москва,Москва,Кронштадтский бульвар,5А
37.6729,55.707157,Россия,Москва,Москва,6-я Кожуховская улица,13
37.716171,55.650841,Россия,Москва,Москва,Донецкая улица,10к1
37.342481,55.596325,Россия,Москва,Московский,,2А
37.863459,55.74372,Россия,Москва,Москва,Суздальская улица,30/2
37.719082,55.80786,Россия,Москва,Москва,4-я Гражданская улица,39к1
37.830222,55.723293,Россия,Москва,Москва,Вешняковская улица,29Бс1
37.603065,55.691679,Россия,Москва,Москва,Загородное шоссе,15к1
37.770762,55.638922,Россия,Москва,Москва,Алма-Атинская улица,8к3
37.85426,55.734775,Россия,Москва,Москва,Новокосинская улица,11к1
37.755814,55.608058,Россия,Москва,Москва,Гурьевский проезд,27к1
37.491386,55.678407,Россия,Москва,Москва,улица Коштоянца,15
37.587964,55.885014,Россия,Москва,Москва,Алтуфьевское шоссе,64
37.519503,55.631966,Россия,Москва,Москва,Профсоюзная улица,109А
37.715731,55.75898,Россия,Москва,Москва,Авиамоторная улица,6с1
37.65664,55.708481,Россия,Москва,Москва,улица Мастеркова,4
37.623241,55.822281,Россия,Москва,Москва,улица Академика Королёва,8А
56.000993,54.703629,Россия,Республика Башкортостан,Уфа,улица Рабкоров,5
55.93352,54.724515,Россия,Республика Башкортостан,Уфа,улица Аксакова,43
55.951702,54.716882,Россия,Республика Башкортостан,Уфа,Новомостовая улица,7
55.989575,54.74194,Россия,Республика Башкортостан,Уфа,улица Бессонова,3
56.094786,54.801255,Россия,Республика Башкортостан,Уфа,Индустриальное шоссе,44/3
56.00914,54.760205,Россия,Республика Башкортостан,Уфа,проспект Октября,65
55.936557,54.613197,Россия,Республика Башкортостан,село Чесноковка,Школьная улица,13/1
55.957802,54.736977,Россия,Республика Башкортостан,Уфа,улица Цюрупы,97
55.901585,53.622585,Россия,Республика Башкортостан,Стерлитамак,улица Артёма,96
55.938012,54.725041,Россия,Республика Башкортостан,Уфа,улица Свердлова,90
56.099763,54.811135,Россия,Республика Башкортостан,Уфа,Первомайская улица,65
56.035865,54.757358,Россия,Республика Башкортостан,Уфа,улица Энтузиастов,20
54.230845,56.099235,Россия,Республика Башкортостан,Нефтекамск,Социалистическая улица,89
56.000813,54.720902,Россия,Республика Башкортостан,Уфа,улица Минигали Губайдуллина,6
55.997786,54.699139,Россия,Республика Башкортостан,Уфа,улица Мубарякова,3
55.940365,53.628571,Россия,Республика Башкортостан,Стерлитамак,улица Худайбердина,120
55.934212,54.733925,Россия,Республика Башкортостан,Уфа,улица Красина,21
55.975238,54.704009,Россия,Республика Башкортостан,Уфа,улица Софьи Перовской,17
54.102691,54.103768,Россия,Республика Башкортостан,Белебей,Интернациональная улица,77
56.083683,54.822117,Россия,Республика Башкортостан,Уфа,Кольцевая улица,65
55.95013,53.609472,Россия,Республика Башкортостан,Стерлитамак,улица Гоголя,2
55.900372,53.631246,Россия,Республика Башкортостан,Стерлитамак,проспект Октября,36
55.955628,53.613313,Россия,Республика Башкортостан,Стерлитамак,улица Мира,2Б
55.968402,54.740776,Россия,Республика Башкортостан,Уфа,улица Пархоменко,156
56.079002,54.774358,Россия,Республика Башкортостан,Уфа,улица Юрия Гагарина,60
55.937033,53.638833,Россия,Республика Башкортостан,Стерлитамак,улица Голикова,20
54.236917,56.088157,Россия,Республика Башкортостан,Нефтекамск,Юбилейный проспект,18
55.835173,54.7114,Россия,Республика Башкортостан,Уфа,Дагестанская улица,23
56.004469,54.754578,Россия,Республика Башкортостан,Уфа,проспект Октября,52
56.046708,53.438537,Россия,Республика Башкортостан,Ишимбай,Стахановская улица,35
56.026918,54.74141,Россия,Республика Башкортостан,Уфа,улица Менделеева,205А
56.019336,54.75649,Россия,Республика Башкортостан,Уфа,улица Шафиева,48
55.972822,54.71114,Россия,Республика Башкортостан,Уфа,улица Менделеева,7
55.969911,54.730235,Россия,Республика Башкортостан,Уфа,улица Достоевского,134
55.807792,52.765013,Россия,Республика Башкортостан,Кумертау,Бабаевская улица,16
55.792152,52.7522,Россия,Республика Башкортостан,Кумертау,улица 40 лет Победы,3
56.077547,54.770728,Россия,Республика Башкортостан,Уфа,улица Юрия Гагарина,50
56.064342,53.436623,Россия,Республика Башкортостан,Ишимбай,Молодёжная улица,11
56.05385,53.438328,Россия,Республика Башкортостан,Ишимбай,Советская улица,25
56.027906,53.447076,Россия,Республика Башкортостан,Ишимбай,проспект Ленина,14
56.041893,53.457532,Россия,Республика Башкортостан,Ишимбай,улица Губкина,46
55.973334,54.694024,Россия,Республика Башкортостан,Уфа,Солнечногорская улица,12
55.98847,54.719955,Россия,Республика Башкортостан,Уфа,Бакалинская улица,64/5
37.474318,55.602927,Россия,Москва,деревня Мамыри,,
37.530912,55.583897,Россия,Москва,,,1с20
37.514077,55.527581,Россия,Москва,Москва,Чечёрский проезд,120
37.578478,55.725225,Россия,Москва,Москва,Комсомольский проспект,30
56.126029,54.804114,Россия,Республика Башкортостан,Уфа,улица Сергея Вострецова,14
56.126029,54.804114,Россия,Республика Башкортостан,Уфа,улица Сергея Вострецова,14
55.894048,54.814221,Россия,Республика Башкортостан,село Михайловка,улица Победы,
55.880466,54.790329,Россия,Республика Башкортостан,Уфа,улица Ахметова,326
55.997768,54.73981,Россия,Республика Башкортостан,Уфа,улица Бессонова,27
56.019067,54.739836,Россия,Республика Башкортостан,Уфа,Лесной проезд,6
56.24458,54.758179,Россия,Республика Башкортостан,Уфа,Гвардейская улица,58/4
55.902654,54.499145,Россия,Республика Башкортостан,село Булгаково,Школьная улица,41
56.102493,54.621674,Россия,Республика Башкортостан,село Нагаево,Советская улица,
55.955197,55.050184,Россия,Республика Башкортостан,Благовещенск,улица Седова,114
55.961,55.050973,Россия,Республика Башкортостан,Благовещенск,улица Демьяна Бедного,85
56.072732,54.663026,Россия,Республика Башкортостан,деревня Жилино,улица Романтиков,1
55.884724,54.498649,Россия,Республика Башкортостан,село Булгаково,улица Цюрупы,168
56.171035,54.819949,Россия,Республика Башкортостан,Уфа,Сосновская улица,54
55.799941,54.815192,Россия,Республика Башкортостан,село Дмитриевка,Трактовая улица,28
55.948944,54.788798,Россия,Республика Башкортостан,Уфа,улица Защитников Отечества,4
56.10747,54.623076,Россия,Республика Башкортостан,село Нагаево,Советская улица,24
56.098649,54.678042,Россия,Республика Башкортостан,деревня Карпово,Комаринская улица,
55.983485,54.684891,Россия,Республика Башкортостан,Уфа,улица Геологов,53
55.902654,54.499145,Россия,Республика Башкортостан,село Булгаково,Школьная улица,41
55.919965,54.631858,Россия,Республика Башкортостан,село Зубово,Серебряная улица,70
55.922767,54.595784,Россия,Республика Башкортостан,село Чесноковка,Парковая улица,12
56.168762,54.607998,Россия,Республика Башкортостан,село Акбердино,Юбилейная улица,
55.891865,54.618306,Россия,Республика Башкортостан,село Зубово,Объездная улица,
55.948962,54.789582,Россия,Республика Башкортостан,Уфа,улица Надежды,1/1
55.861152,54.801717,Россия,Республика Башкортостан,село Михайловка,улица Стройучасток,28/3
55.918123,54.64851,Россия,Республика Башкортостан,Уфа,улица Академика Курчатова,1
38.917057,45.031553,Россия,Краснодарский край,Краснодар,проспект Чекистов,34/1
37.529897,55.650043,Россия,Москва,Москва,Профсоюзная улица,88/20
37.714545,55.816475,Россия,Москва,Москва,бульвар Маршала Рокоссовского,33/12
55.991129,54.746457,Россия,Республика Башкортостан,Уфа,проспект Октября,21
55.987671,54.749247,Россия,Республика Башкортостан,Уфа,улица Рихарда Зорге,12/2
55.991129,54.746457,Россия,Республика Башкортостан,Уфа,проспект Октября,21
55.99978,54.707686,Россия,Республика Башкортостан,Уфа,улица Степана Кувыкина,18
56.036737,54.789909,Россия,Республика Башкортостан,Уфа,проспект Октября,164
56.077511,54.817127,Россия,Республика Башкортостан,Уфа,Первомайская улица,29
55.954451,54.738437,Россия,Республика Башкортостан,Уфа,улица Ленина,102
56.000068,54.750686,Россия,Республика Башкортостан,Уфа,проспект Октября,40
56.064585,54.818195,Россия,Республика Башкортостан,Уфа,улица Космонавтов,14
56.03388,54.783559,Россия,Республика Башкортостан,Уфа,проспект Октября,146
56.060452,54.767856,Россия,Республика Башкортостан,Уфа,улица Баязита Бикбая,21
56.06339,54.763929,Россия,Республика Башкортостан,Уфа,улица Юрия Гагарина,32
56.084779,54.821162,Россия,Республика Башкортостан,Уфа,Кольцевая улица,60
55.882262,54.789031,Россия,Республика Башкортостан,Уфа,улица Ахметова,322
55.998693,54.695424,Россия,Республика Башкортостан,Уфа,улица Софьи Перовской,23
55.986431,54.697974,Россия,Республика Башкортостан,Уфа,улица Софьи Перовской,44
55.945908,54.735256,Россия,Республика Башкортостан,Уфа,улица Карла Маркса,40
56.072804,54.817676,Россия,Республика Башкортостан,Уфа,Первомайская улица,22
55.993645,54.727084,Россия,Республика Башкортостан,Уфа,проспект Салавата Юлаева,34
55.994615,54.712352,Россия,Республика Башкортостан,Уфа,улица Менделеева,118
56.092926,54.811918,Россия,Республика Башкортостан,Уфа,Первомайская улица,56
55.94651,54.729439,Россия,Республика Башкортостан,Уфа,улица Чернышевского,75
39.334998,43.906576,Россия,Краснодарский край,Сочи,улица Победы,11
39.6085,43.717642,Россия,Краснодарский край,село Горное Лоо,Обзорная улица,
39.315532,43.923597,Россия,Краснодарский край,Сочи,улица Победы,
39.336957,43.904829,Россия,Краснодарский край,Сочи,улица Победы,1А
39.331288,43.9087,Россия,Краснодарский край,Сочи,улица Лазарева,40
39.315532,43.923597,Россия,Краснодарский край,Сочи,улица Победы,
39.719019,43.627543,Россия,Краснодарский край,Сочи,улица Тимирязева,1
39.596534,43.686927,Россия,Краснодарский край,Сочи,улица Декабристов,
39.587793,43.706454,Россия,Краснодарский край,улица Разина,18/1,
38.787511,44.325022,Россия,Краснодарский край,село Тенгинка,улица Новосёлов,25
37.426492,54.917515,Россия,Московская область,Серпухов,Борисовское шоссе,1
37.362595,54.904173,Россия,Московская область,посёлок Большевик,улица Ленина,32
36.859628,55.911684,Россия,Московская область,Истра,улица Главного Конструктора В.И. Адасько,7к1
37.738575,55.980059,Россия,Московская область,Мытищи,Фабричная улица,15
37.723789,55.915811,Россия,Московская область,Мытищи,Юбилейная улица,3
37.707009,55.90574,Россия,Московская область,Мытищи,Юбилейная улица,36
37.506029,55.675585,Россия,Москва,Москва,проспект Вернадского,39
37.53155,55.741404,Россия,Москва,Москва,Кутузовский проспект,32к1
37.498582,55.816632,Россия,Москва,Москва,Ленинградское шоссе,9к1
37.422027,55.623788,Россия,Москва,"Киевское шоссе, 23-й километр",1,
37.541368,55.883499,Россия,Москва,Москва,Дмитровское шоссе,113к1
37.543524,55.773105,Россия,Москва,Москва,Хорошёвское шоссе,1
37.68306,55.854517,Россия,Москва,Москва,Ярославское шоссе,12к2
37.704161,55.867248,Россия,Москва,Москва,Ярославское шоссе,69
37.715444,55.746725,Россия,Москва,Москва,2-я Кабельная улица,2с37
37.798376,55.809125,Россия,Москва,Москва,9-я Парковая улица,61Ас1
37.666243,55.677565,Россия,Москва,Москва,улица Новинки,1
37.423428,55.846704,Россия,Москва,Москва,Туристская улица,7
37.673106,55.704894,Россия,Москва,Москва,5-я Кожуховская улица,18к1
37.654825,55.627407,Россия,Москва,Москва,Кавказский бульвар,35/2к1
37.567258,55.683077,Россия,Москва,Москва,Профсоюзная улица,18к1
37.486598,55.737339,Россия,Москва,Москва,Кастанаевская улица,30к1
37.681308,55.755581,Россия,Москва,Москва,Волочаевская улица,12Ас1А
37.566494,55.743041,Россия,Москва,Москва,площадь Киевского Вокзала,1
37.582439,55.750788,Россия,Москва,Москва,Новинский бульвар,1/2
37.190792,55.995533,Россия,Москва,Зеленоград,,к1204
37.585107,55.686442,Россия,Москва,Москва,Новочерёмушкинская улица,11к2
37.788989,55.750104,Россия,Москва,Москва,Зелёный проспект,22
37.540901,55.599886,Россия,Москва,Москва,улица Паустовского,5к1
37.747927,55.610158,Россия,Москва,Москва,Воронежская улица,44к1
37.604358,55.614739,Россия,Москва,Москва,Кировоградская улица,22Г
37.757036,55.616905,Россия,Москва,Москва,Ореховый бульвар,61к2
37.573681,55.568095,Россия,Москва,Москва,бульвар Дмитрия Донского,8
37.852266,55.689913,Россия,Москва,Москва,Жулебинский бульвар,25
37.678757,55.772796,Россия,Москва,Москва,Бауманская улица,33/2с1
37.598663,55.664182,Россия,Москва,Москва,Одесская улица,2
37.665408,55.785513,Россия,Москва,Москва,Верхняя Красносельская улица,3А
37.67943,55.77194,Россия,Москва,Москва,Бауманская улица,35/1с8
37.418524,55.742904,Россия,Москва,Москва,Ярцевская улица,29к3
37.212414,56.001625,Россия,Москва,Москва,площадь Юности,5
37.407627,55.799881,Россия,Москва,Москва,Таллинская улица,26
37.850362,55.696915,Россия,Москва,Москва,Хвалынский бульвар,7/11к1
37.481235,55.860822,Россия,Москва,Москва,Смольная улица,35с1
37.551726,55.842019,Россия,Москва,Москва,Большая Академическая улица,73к1
37.506882,55.677737,Россия,Москва,Москва,проспект Вернадского,14А
37.71919,55.878662,Россия,Москва,Москва,Ярославское шоссе,135
37.347081,55.695256,Россия,Москва,Москва,Большой бульвар,40
37.56344,55.761867,Россия,Москва,Москва,улица Заморёнова,41
37.821643,55.818098,Россия,Москва,Москва,Байкальская улица,47
37.637668,55.803519,Россия,Москва,Москва,проспект Мира,108
37.791271,55.754031,Россия,Москва,Москва,3-я Владимирская улица,27
37.533804,55.869672,Россия,Москва,Москва,Коровинское шоссе,13к1
37.50716,55.795869,Россия,Москва,Москва,улица Сальвадора Альенде,4к1
37.611455,55.731774,Россия,Москва,Москва,улица Большая Якиманка,52
37.485637,55.566567,Россия,Москва,посёлок Коммунарка,улица Липовый Парк,11
37.616216,55.652867,Россия,Москва,Москва,Чонгарский бульвар,5к1
37.667761,55.729326,Россия,Москва,Москва,1-я Дубровская улица,2Бк1
37.717043,55.81652,Россия,Москва,Москва,бульвар Маршала Рокоссовского,30
37.611419,55.88608,Россия,Москва,Москва,улица Плещеева,12
37.679727,55.745605,Россия,Москва,Москва,площадь Рогожская Застава,2/1с1
37.663836,55.737218,Россия,Москва,Москва,Марксистская улица,5
37.853991,55.736838,Россия,Москва,Москва,Новокосинская улица,13к2
37.753011,55.664263,Россия,Москва,Москва,Братиславская улица,6
37.534316,55.802422,Россия,Москва,Москва,улица Черняховского,4с2
37.611248,55.594545,Россия,Москва,Москва,Россошанская улица,7к1Б
37.734659,55.763862,Россия,Москва,Москва,проспект Будённого,39к1
37.678236,55.73514,Россия,Москва,Москва,улица Талалихина,1к1
37.589033,55.596249,Россия,Москва,Москва,Чертановская улица,65
37.537883,55.683798,Россия,Москва,Москва,Ленинский проспект,74
37.663458,55.739666,Россия,Москва,Москва,Таганская улица,26с1
37.509236,55.755023,Россия,Москва,Москва,Береговой проезд,5Ак1
37.547441,55.545284,Россия,Москва,Москва,Венёвская улица,9
37.74136,55.64348,Россия,Москва,Москва,Батайский проезд,63
37.438215,55.851566,Россия,Москва,Москва,улица Героев Панфиловцев,1А
37.49347,55.867647,Россия,Москва,Москва,Петрозаводская улица,24Ас1
37.60372,55.884721,Россия,Москва,Москва,улица Пришвина,26
37.746436,55.677575,Россия,Москва,Москва,Краснодарская улица,15/17
37.797002,55.818609,Россия,Москва,Москва,Уральская улица,13
37.714474,55.879005,Россия,Москва,Москва,улица Егора Абакумова,9
37.556208,55.550723,Россия,Москва,Москва,Скобелевская улица,1к1
37.425144,55.73143,Россия,Москва,Москва,Полоцкая улица,10
37.500621,55.678961,Россия,Москва,Москва,улица Удальцова,65
37.466278,55.864798,Россия,Москва,Москва,Ленинградское шоссе,112к3
37.761078,55.633953,Россия,Москва,Москва,Ключевая улица,18
37.507178,55.61992,Россия,Москва,Москва,Новоясеневский проспект,1к2
37.162692,55.979717,Россия,Москва,Зеленоград,к1805,
37.568803,55.827307,Россия,Москва,Москва,Дмитровское шоссе,27к3
37.488484,55.789942,Россия,Москва,Москва,улица Народного Ополчения,40к1
37.803074,55.694819,Россия,Москва,Москва,Ташкентская улица,35
37.439625,55.842989,Россия,Москва,Москва,Сходненская улица,36/11
37.798798,55.795039,Россия,Москва,Москва,9-я Парковая улица,23
37.601115,55.783413,Россия,Москва,Москва,Сущёвская улица,27с1
37.448734,55.85007,Россия,Москва,Москва,Химкинский бульвар,9
37.476717,55.704641,Россия,Москва,Москва,Матвеевская улица,4к1
37.533077,55.641254,Россия,Москва,Москва,улица Миклухо-Маклая,55
37.582987,55.719708,Россия,Москва,Москва,Фрунзенская набережная,44с1
37.821562,55.803621,Россия,Москва,Москва,Сиреневый бульвар,65к1
37.626079,55.740436,Россия,Москва,Москва,улица Малая Ордынка,3
37.547567,55.668945,Россия,Москва,Москва,улица Гарибальди,26к5
37.819073,55.823975,Россия,Москва,Москва,Уссурийская улица,9
37.660377,55.869763,Россия,Москва,Москва,улица Менжинского,23к1
37.794226,55.796203,Россия,Москва,Москва,7-я Парковая улица,12/28
37.795151,55.713207,Россия,Москва,Москва,1-я Новокузьминская улица,27/12
37.360052,55.847796,Россия,Москва,Москва,Митинская улица,40
37.539473,55.60402,Россия,Москва,Москва,Новоясеневский проспект,32к1
37.388394,55.889967,Россия,Москва,Москва,Воротынская улица,18
37.417194,55.748382,Россия,Москва,Москва,Рублёвское шоссе,34к1
37.487002,55.772679,Россия,Москва,Москва,улица Демьяна Бедного,5
37.848314,55.702378,Россия,Москва,Москва,Лермонтовский проспект,6
37.563727,55.803196,Россия,Москва,Москва,Петровско-Разумовский проезд,24к4
37.431989,55.63378,Россия,Москва,Москва,"Киевское шоссе, 22-й километр",6с1
37.833581,55.812661,Россия,Москва,Москва,Щёлковское шоссе,100к1А
37.605768,55.773353,Россия,Москва,Москва,Оружейный переулок,41
37.65885,55.706634,Россия,Москва,Москва,2-й Автозаводский проезд,3А
37.784587,55.722532,Россия,Москва,Москва,3-я Институтская улица,12
37.688369,55.797716,Россия,Москва,Москва,улица Короленко,2к1
37.534227,55.807658,Россия,Москва,Москва,Часовая улица,6к1
37.588162,55.707912,Россия,Москва,Москва,улица Вавилова,6
37.777068,55.756118,Россия,Москва,Москва,1-я Владимирская улица,21
37.721292,55.783605,Россия,Москва,Москва,Семёновская площадь,7к17
37.626609,55.711879,Россия,Москва,Москва,Павловская улица,18с2
37.819244,55.708227,Россия,Москва,Москва,Ташкентская улица,9
37.352767,55.849559,Россия,Москва,Москва,Митинская улица,43
37.523357,55.604646,Россия,Москва,Москва,Вильнюсская улица,3А
37.473492,55.644145,Россия,Москва,Москва,Ленинский проспект,131
37.613835,55.634507,Россия,Москва,Москва,Сумской проезд,2с2
37.554547,55.89658,Россия,Москва,Москва,Дубнинская улица,52с3
37.474372,55.734993,Россия,Москва,Москва,Кастанаевская улица,42к2
37.6835,55.703621,Россия,Москва,Москва,улица Трофимова,33
37.547342,55.879324,Россия,Москва,Москва,Дмитровское шоссе,98
37.400809,55.805356,Россия,Москва,Москва,Строгинский бульвар,7к1
37.849886,55.681529,Россия,Москва,Москва,Привольная улица,65/32
37.654628,55.636544,Россия,Москва,Москва,Пролетарский проспект,14/49к1
37.439769,55.853279,Россия,Москва,Москва,улица Героев Панфиловцев,4
37.573115,55.81167,Россия,Москва,Москва,улица Костякова,6/5
37.469404,55.688456,Россия,Москва,Москва,Озёрная улица,2к1
37.6751,55.710687,Россия,Москва,Москва,7-я Кожуховская улица,9
37.401402,55.72199,Россия,Москва,Москва,улица Толбухина,12к1
37.632134,55.771342,Россия,Москва,Москва,улица Сретенка,27с1
37.380929,55.840487,Россия,Москва,Москва,Новотушинский проезд,10к2
37.667007,55.682605,Россия,Москва,Москва,проспект Андропова,17к1
37.585871,55.903882,Россия,Москва,Москва,Алтуфьевское шоссе,97
37.487784,55.694378,Россия,Москва,Москва,Мичуринский проспект,54к3
37.371614,55.513973,Россия,Москва,Москва,Футбольная улица,17
37.524687,55.643637,Россия,Москва,Москва,улица Миклухо-Маклая,47А
37.503352,55.698295,Россия,Москва,Москва,Мичуринский проспект,21к3
37.41697,55.730421,Россия,Москва,Москва,Кунцевская улица,13
37.656703,55.776289,Россия,Москва,Москва,Комсомольская площадь,5с1
37.755742,55.706208,Россия,Москва,Москва,Волгоградский проспект,62
37.250826,55.786748,Россия,Московская область,Московская область,"М-9 Балтия, 26-й километр",
37.668192,55.899356,Россия,Московская область,Мытищи,Осташковское шоссе,1
37.448285,55.827029,Россия,Москва,Москва,Тушинская улица,12
37.762767,55.827383,Россия,Москва,Москва,Открытое шоссе,25к1
37.568165,55.762277,Россия,Москва,Москва,улица Красная Пресня,30с1
37.472908,55.738297,Россия,Москва,Москва,Малая Филёвская улица,12к1
37.659353,55.712832,Россия,Москва,Москва,Восточная улица,11к1
37.576492,55.820015,Россия,Москва,Москва,улица Яблочкова,21к3
37.731838,55.719125,Россия,Москва,Москва,Грайвороновская улица,12к1
37.662614,55.867879,Россия,Москва,Москва,Енисейская улица,17к1
37.604008,55.888674,Россия,Москва,Москва,улица Конёнкова,5А
37.664258,55.730218,Россия,Москва,Москва,улица Крутицкий Вал,8/22с2
37.712452,55.757577,Россия,Москва,Москва,Энергетическая улица,18
37.494368,55.613916,Россия,Москва,Москва,улица Генерала Тюленева,41А
37.744639,55.633033,Россия,Москва,Москва,улица Борисовские Пруды,14к4
37.555598,55.747855,Россия,Москва,Москва,Кутузовский проспект,14
37.710773,55.748908,Россия,Москва,Москва,2-я Кабельная улица,2с25
37.604646,55.598161,Россия,Москва,Москва,Россошанский проезд,6
37.718238,55.811745,Россия,Москва,Москва,Бойцовая улица,17к1
37.739465,55.648387,Россия,Москва,Москва,Новочеркасский бульвар,51
37.643453,55.870864,Россия,Москва,Москва,проезд Дежнёва,7
37.691459,55.77595,Россия,Москва,Москва,Большая Почтовая улица,7с1
37.622064,55.726583,Россия,Москва,Москва,Люсиновская улица,6
37.464257,55.777748,Россия,Москва,Москва,проспект Маршала Жукова,52
37.71954,55.647412,Россия,Москва,Москва,Новочеркасский бульвар,5с3
37.659622,55.708486,Россия,Москва,Москва,Автозаводская улица,8
37.658589,55.823388,Россия,Москва,Москва,улица Бориса Галушкина,17
37.520518,55.87343,Россия,Москва,Москва,Талдомская улица,13
37.407897,55.715195,Россия,Москва,Москва,Можайское шоссе,45к2
37.120481,55.858913,Россия,Московская область,Дедовск,Ударная улица,1
37.57793,55.560866,Россия,Москва,Москва,Феодосийская улица,7к3
37.554169,55.49312,Россия,Москва,Щербинка,,10
37.469108,55.675468,Россия,Москва,Москва,"улица Мичуринский Проспект, Олимпийская Деревня",4к2
37.632772,55.820855,Россия,Москва,Москва,улица Академика Королёва,3
37.561077,55.796359,Россия,Москва,Москва,улица Верхняя Масловка,22
37.799095,55.753159,Россия,Москва,Москва,Новогиреевская улица,37А
37.543497,55.760439,Россия,Москва,Москва,Красногвардейский бульвар,9
44.690539,43.030113,Россия,Республика Северная Осетия — Алания,Владикавказ,улица Ватутина,58
44.690539,43.030113,Россия,Республика Северная Осетия — Алания,Владикавказ,улица Ватутина,58
44.658163,43.019779,Россия,Республика Северная Осетия — Алания,Владикавказ,проспект Доватора,21
38.067952,44.581387,Россия,Краснодарский край,Геленджик,улица Луначарского,176Б
38.090805,44.556979,Россия,Краснодарский край,Геленджик,улица Островского,86
38.904238,45.025501,Россия,Краснодарский край,Краснодар,улица 70-летия Октября,1/1
38.074393,44.569695,Россия,Краснодарский край,Геленджик,улица Мира,38
38.092143,44.571229,Россия,Краснодарский край,Геленджик,улица Кирова,121к1
38.081112,44.567287,Россия,Краснодарский край,Геленджик,Садовая улица,21
38.068715,44.550446,Россия,Краснодарский край,Геленджик,Полевая улица,37
38.05436,44.551256,Россия,Краснодарский край,Геленджик,Революционная улица,53
37.984669,44.578215,Россия,Краснодарский край,Геленджик,Просторная улица,1А
38.074887,44.568243,Россия,Краснодарский край,Геленджик,улица Мира,23В
38.020871,44.56999,Россия,Краснодарский край,Геленджик,Десантная улица,15А
38.073009,44.554577,Россия,Краснодарский край,Геленджик,Приморская улица,9А
38.133762,44.492856,Россия,Краснодарский край,село Дивноморское,Голубодальская улица,2
38.534456,44.373495,Россия,Краснодарский край,село Архипо-Осиповка,улица Ленина,109
38.099321,44.552874,Россия,Краснодарский край,Геленджик,улица Сурикова,60А
56.103428,54.81348,Россия,Республика Башкортостан,Уфа,улица Свободы,24
44.684987,43.02666,Россия,Республика Северная Осетия — Алания,Владикавказ,улица Бутырина,8
44.666077,43.057806,Россия,Республика Северная Осетия — Алания,Владикавказ,Иристонская улица,14
44.684987,43.02666,Россия,Республика Северная Осетия — Алания,Владикавказ,улица Бутырина,8
44.621656,43.052101,Россия,Республика Северная Осетия — Алания,Владикавказ,улица Алихана Гагкаева,1Б
86.1188,55.399193,Россия,Кемеровская область,Кемерово,Институтская улица,28А
85.338362,55.841473,Россия,Кемеровская область,поселок Станция Литвиново,Октябрьская улица,28А
84.961824,55.739944,Россия,Кемеровская область,село Поломошное,Центральный переулок,20
85.440725,55.869193,Россия,Кемеровская область,посёлок городского типа Яшкино,Шиферная улица,28
86.754439,53.877003,Россия,Кемеровская область,Прокопьевск,проспект Шахтёров,15
85.163011,54.889324,Россия,Кемеровская область,село Тарасово,Центральная улица,96В
85.176746,54.700643,Россия,Кемеровская область,село Ваганово,Центральная улица,3А
85.411278,54.9467,Россия,Кемеровская область,село Окунево,Центральная улица,1
85.805378,54.239195,Россия,Кемеровская область,Салаир,улица Матросова,7
85.408179,54.459321,Россия,Кемеровская область,поселок Урск (Барит),Молодёжная улица,2
86.805877,55.006838,Россия,Кемеровская область,поселок городского типа Крапивинский,улица Кирова,51
85.940503,55.01406,Россия,Кемеровская область,посёлок Плотниково,Советская улица,1А
85.633773,54.914866,Россия,Кемеровская область,поселок городского типа Промышленная,улица Крупской,10
86.375009,54.503401,Россия,Кемеровская область,посёлок городского типа Грамотеино,Колмогоровская улица,12
86.297053,54.306838,Россия,Кемеровская область,поселок городского типа Новый Городок,улица Ермака,2
86.299505,54.420134,Россия,Кемеровская область,Белово,Октябрьская улица,29
86.1188,55.399193,Россия,Кемеровская область,Кемерово,Институтская улица,28А
86.111057,55.3443,Россия,Кемеровская область,Кемерово,проспект Ленина,71
86.077963,55.316313,Россия,Кемеровская область,Кемерово,улица Сергея Тюленина,1
86.016303,55.392096,Россия,Кемеровская область,Кемерово,улица Леонова,6
86.107113,55.519794,Россия,Кемеровская область,Кемерово,Стадионная улица,4Б
86.058865,56.073539,Россия,Кемеровская область,Анжеро-Судженск,Челинская улица,13
85.43344,55.873147,Россия,Кемеровская область,посёлок городского типа Яшкино,улица Гагарина,46
86.164255,54.665911,Россия,Кемеровская область,Ленинск-Кузнецкий,улица Ломоносова,1
84.931883,55.711093,Россия,Кемеровская область,Юрга,проспект Победы,16
87.18475,53.829048,Россия,Кемеровская область,Новокузнецк,Горьковская улица,27
86.636679,54.006025,Россия,Кемеровская область,Киселёвск,,
86.389876,55.003007,Россия,Кемеровская область,поселок Зеленовский,Советская улица,23А
84.918436,55.717503,Россия,Кемеровская область,Юрга,Ленинградская улица,46
85.940898,54.284711,Россия,Кемеровская область,Гурьевск,улица Кирова,32
86.199325,54.691417,Россия,Кемеровская область,Ленинск-Кузнецкий,проспект Ленина,54
86.278018,55.667655,Россия,Кемеровская область,Берёзовский,проспект Ленина,6
86.804341,55.002485,Россия,Кемеровская область,поселок городского типа Крапивинский,Советская улица,21
86.947712,55.002568,Россия,Кемеровская область,посёлок городского типа Зеленогорский,Центральная улица,31
86.276715,54.607644,Россия,Кемеровская область,Полысаево,улица Космонавтов,73
86.257904,55.617434,Россия,Кемеровская область,Берёзовский,улица Кирова,2
86.951332,55.004948,Россия,Кемеровская область,посёлок городского типа Зеленогорский,Центральная улица,38
86.4349,54.433323,Россия,Кемеровская область,посёлок городского типа Инской,улица Ильича,23
86.249739,56.084526,Россия,Кемеровская область,поселок городского типа Рудничный,Советская улица,4А
86.707583,54.007453,Россия,Кемеровская область,Киселёвск,улица 50 лет Октября,41
87.274833,53.517769,Россия,Кемеровская область,Калтан,Комсомольская улица,45/1
86.152981,55.340358,Россия,Кемеровская область,Кемерово,Волгоградская улица,32
87.848381,52.761929,Россия,Кемеровская область,Таштагол,улица Поспелова,31
86.062763,55.345893,Россия,Кемеровская область,Кемерово,Кузнецкий проспект,80
86.034413,55.387259,Россия,Кемеровская область,Кемерово,улица Григорьева,5
86.114587,55.522153,Россия,Кемеровская область,Кемерово,Новостроевская улица,4А
87.128929,53.748869,Россия,Кемеровская область,Новокузнецк,улица Кутузова,25
86.152307,55.337491,Россия,Кемеровская область,Кемерово,Волгоградская улица,35
86.281746,54.606486,Россия,Кемеровская область,Полысаево,улица Космонавтов,86/1
87.462402,53.141244,Россия,Кемеровская область,посёлок городского типа Темиртау,Центральная улица,19Б
87.148333,53.668723,Россия,Кемеровская область,село Сосновка,улица Калинина,50
86.656837,53.872284,Россия,Кемеровская область,Прокопьевск,проспект Гагарина,14
87.03386,53.898077,Россия,Кемеровская область,посёлок Металлургов,Рабочая улица,35А
37.772217,55.805563,Россия,Москва,Москва,Никитинская улица,31к2
37.817861,55.808913,Россия,Москва,Москва,15-я Парковая улица,50
37.770079,55.806105,Россия,Москва,Москва,Щёлковское шоссе,12к1
37.775478,55.798485,Россия,Москва,Москва,Никитинская улица,8к1
37.780051,55.78773,Россия,Москва,Москва,Измайловский проспект,54
37.58279,55.720154,Россия,Москва,Москва,Фрунзенская набережная,42
38.040185,55.956632,Россия,Московская область,Фрязино,улица Дудкина,7
37.98475,55.922167,Россия,Московская область,Щёлково,улица Зубеева,10А
37.859543,55.750175,Россия,Московская область,Реутов,Южная улица,2
37.973907,56.251482,Россия,Московская область,Хотьково,улица Ленина,2
37.826826,55.907813,Россия,Московская область,Королёв,Пионерская улица,30
38.050201,55.950287,Россия,Московская область,Фрязино,проспект Мира,6
38.194875,55.837768,Россия,Московская область,рабочий посёлок Монино,улица Маршала Красовского,2А
37.678837,55.766116,Россия,Москва,Москва,Бауманская улица,62-66
37.545761,55.863015,Россия,Москва,Москва,Дмитровское шоссе,87
37.561509,55.692475,Россия,Москва,Москва,улица Дмитрия Ульянова,5
37.558715,55.761811,Россия,Москва,Москва,улица 1905 года,7с1
37.750604,55.699081,Россия,Москва,Москва,Волжский бульвар,44
37.652616,55.81174,Россия,Москва,Москва,Маломосковская улица,22с1
37.677661,55.637886,Россия,Москва,Москва,Кантемировская улица,6к1
37.492024,55.843444,Россия,Москва,Москва,Авангардная улица,4
37.583167,55.78729,Россия,Москва,Москва,улица Правды,24с2
37.429914,55.844435,Россия,Москва,Москва,улица Фабрициуса,44к1
39.167948,51.701836,Россия,Воронежская область,Воронеж,улица Хользунова,93
37.580158,55.700182,Россия,Москва,Москва,улица Вавилова,19
38.966662,45.006297,Россия,Краснодарский край,Краснодар,улица Захарова,25
41.914412,45.014951,Россия,Ставропольский край,Ставрополь,улица Тухачевского,17А
42.001288,45.042037,Россия,Ставропольский край,Ставрополь,улица Гризодубовой,
41.935091,45.059943,Россия,Ставропольский край,Ставрополь,проспект Юности,42А
41.91779,45.011816,Россия,Ставропольский край,Ставрополь,улица Тухачевского,12А
41.96682,45.036763,Россия,Ставропольский край,Ставрополь,улица Мира,284/1
41.92344,45.062267,Россия,Ставропольский край,Ставрополь,проспект Кулакова,29Г
38.44033,45.376071,Россия,Краснодарский край,станица Старонижестеблиевская,Красная улица,61Б
44.159077,44.786256,Россия,Ставропольский край,Будённовск,улица Мира,112
42.72754,43.938905,Россия,Ставропольский край,Кисловодск,проспект Победы,157
41.922892,45.009694,Россия,Ставропольский край,Ставрополь,улица 50 лет ВЛКСМ,
43.632395,44.259306,Россия,Ставропольский край,село Новозаведенное,Кооперативная улица,32/1
41.922892,45.009694,Россия,Ставропольский край,Ставрополь,улица 50 лет ВЛКСМ,
41.993769,45.128045,Россия,Ставропольский край,Михайловск,улица Гагарина,161/2
43.449911,44.128318,Россия,Ставропольский край,Георгиевск,улица Салогубова,10к2
42.716113,43.914266,Россия,Ставропольский край,Кисловодск,улица Куйбышева,57/23
43.435116,45.100218,Россия,Ставропольский край,Благодарный,улица Ленина,185
42.897411,44.050253,Россия,Ставропольский край,Ессентуки,Октябрьская улица,458А
41.912382,45.046801,Россия,Ставропольский край,Ставрополь,проспект Кулакова,7А
41.960567,45.027062,Россия,Ставропольский край,Ставрополь,улица Серова,179
42.714757,43.906706,Россия,Ставропольский край,Кисловодск,улица Чкалова,75
41.986008,45.050329,Россия,Ставропольский край,Ставрополь,проспект Карла Маркса,49
42.840665,45.3384,Россия,Ставропольский край,Светлоград,Кузнечная улица,31
43.43252,44.75337,Россия,Ставропольский край,село Новоселицкое,Кавказский переулок,4
41.718741,45.372608,Россия,Ставропольский край,Изобильный,улица Кирова,143
41.940688,44.64563,Россия,Ставропольский край,Невинномысск,улица Гагарина,1Е
41.226859,45.503873,Россия,Ставропольский край,Новоалександровск,Горная улица,118/1
41.21581,45.495938,Россия,Ставропольский край,Новоалександровск,улица Гагарина,406
42.024779,45.205586,Россия,Ставропольский край,село Пелагиада,улица Ленина,98
43.067498,44.041901,Россия,Ставропольский край,Пятигорск,улица Леваневского,16
43.060231,44.058539,Россия,Ставропольский край,Пятигорск,улица Орджоникидзе,13
42.002645,45.043406,Россия,Ставропольский край,Ставрополь,улица Ленина,11А
41.969784,45.059784,Россия,Ставропольский край,Ставрополь,Октябрьская улица,9
41.961124,45.03926,Россия,Ставропольский край,Ставрополь,улица Ленина,243
43.068963,44.031371,Россия,Ставропольский край,Пятигорск,проспект Калинина,98
42.860877,44.040962,Россия,Ставропольский край,Ессентуки,Интернациональная улица,44
42.031121,45.126379,Россия,Ставропольский край,Михайловск,улица Ленина,78
43.448743,44.132136,Россия,Ставропольский край,Георгиевск,Батакская улица,4
43.069834,44.018025,Россия,Ставропольский край,посёлок городского типа Свободы,улица Пожарского,1
41.932369,45.023552,Россия,Ставропольский край,Ставрополь,улица Доваторцев,21
42.887925,44.04658,Россия,Ставропольский край,Ессентуки,Октябрьская улица,422А
43.444081,45.088325,Россия,Ставропольский край,Благодарный,Школьный переулок,35
44.98065,44.752237,Россия,Ставропольский край,Нефтекумск,улица Дзержинского,25А
43.076212,44.037787,Россия,Ставропольский край,Пятигорск,Октябрьская улица,2
43.456478,44.134879,Россия,Ставропольский край,Георгиевск,улица Калинина,101/2
42.853412,44.045349,Россия,Ставропольский край,Ессентуки,улица Володарского,1
42.732966,43.908953,Россия,Ставропольский край,Кисловодск,улица Жуковского,47
43.500334,44.174369,Россия,Ставропольский край,село Краснокумское,улица Мира,2
41.904378,45.001517,Россия,Ставропольский край,Ставрополь,улица 45-я Параллель,73
41.915544,45.0377,Россия,Ставропольский край,Ставрополь,улица Ленина,474
43.089534,44.098508,Россия,Ставропольский край,посёлок городского типа Иноземцево,Вокзальная улица,46
43.06528,44.061578,Россия,Ставропольский край,Пятигорск,улица 295-й Стрелковой Дивизии,13к1
41.932064,45.015938,Россия,Ставропольский край,Ставрополь,улица Доваторцев,46Д
41.920089,45.002518,Россия,Ставропольский край,Ставрополь,улица 50 лет ВЛКСМ,79
41.926288,45.019971,Россия,Ставропольский край,Ставрополь,улица 50 лет ВЛКСМ,2/1
43.004437,44.707713,Россия,Ставропольский край,село Александровское,улица Войтика,16
42.849262,44.040022,Россия,Ставропольский край,Ессентуки,Кисловодская улица,73
43.06475,44.038415,Россия,Ставропольский край,Пятигорск,проспект 40 лет Октября,85
44.97358,44.749709,Россия,Ставропольский край,Нефтекумск,10,
41.229932,45.486278,Россия,Ставропольский край,Новоалександровск,улица Льва Толстого,128
43.634434,43.963806,Россия,Ставропольский край,Новопавловск,Георгиевская улица,2
41.933286,44.643039,Россия,Ставропольский край,Невинномысск,улица Менделеева,17
43.037827,44.052534,Россия,Ставропольский край,Пятигорск,улица Адмиральского,8Б
41.996796,45.071733,Россия,Ставропольский край,Ставрополь,улица Репина,198
41.992026,45.070218,Россия,Ставропольский край,Ставрополь,улица Репина,143
41.949797,45.037445,Россия,Ставропольский край,Ставрополь,улица Ленина,328/8
42.87066,44.039264,Россия,Ставропольский край,Ессентуки,Октябрьская улица,
42.130771,45.056015,Россия,Ставропольский край,село Надежда,Советская улица,114А
42.017817,45.135002,Россия,Ставропольский край,Михайловск,улица Ленина,165
43.072745,44.030846,Россия,Ставропольский край,Пятигорск,улица Дзержинского,101
43.001697,44.144117,Россия,Ставропольский край,Железноводск,улица Ленина,163
41.918571,45.018385,Россия,Ставропольский край,Ставрополь,проспект Ворошилова,7/1
42.017422,45.033502,Россия,Ставропольский край,Ставрополь,улица Серова,466А
41.963694,45.038706,Россия,Ставропольский край,Ставрополь,улица Ленина,308
43.352947,45.910687,Россия,Ставропольский край,село Дивное,улица Кашубы,5А
43.344368,45.909012,Россия,Ставропольский край,село Дивное,улица Кашубы,53
41.937337,45.028292,Россия,Ставропольский край,Ставрополь,улица Доваторцев,30Б
43.414895,45.098888,Россия,Ставропольский край,Благодарный,переулок Кочубея,62
41.936061,44.638287,Россия,Ставропольский край,Невинномысск,,
41.914178,44.614364,Россия,Ставропольский край,Невинномысск,улица Маяковского,1
41.926584,45.004296,Россия,Ставропольский край,Ставрополь,улица Доваторцев,61А
42.015194,45.042572,Россия,Ставропольский край,Ставрополь,улица Мира,19
42.032927,45.149503,Россия,Ставропольский край,Михайловск,переулок Трунова,34/1
44.171869,44.791981,Россия,Ставропольский край,Будённовск,12А,
41.921248,45.005692,Россия,Ставропольский край,Ставрополь,улица 50 лет ВЛКСМ,59А
41.925344,45.015486,Россия,Ставропольский край,Ставрополь,улица 50 лет ВЛКСМ,14В
41.53588,45.372639,Россия,Ставропольский край,станица Новотроицкая,Пролетарская улица,140
42.709026,43.915714,Россия,Ставропольский край,Кисловодск,проезд Цандера,4
43.471273,44.1464,Россия,Ставропольский край,Георгиевск,улица Калинина,22
43.017786,44.039718,Россия,Ставропольский край,Пятигорск,улица Пальмиро Тольятти,36А
42.835958,44.023528,Россия,Ставропольский край,Ессентуки,Октябрьская улица,8
42.014898,45.135091,Россия,Ставропольский край,Михайловск,улица Ленина,156/1
43.044259,44.032466,Россия,Ставропольский край,Пятигорск,Коллективная улица,10
43.044295,44.032686,Россия,Ставропольский край,Пятигорск,Коллективная улица,12
41.992476,45.052398,Россия,Ставропольский край,Ставрополь,проспект Карла Маркса,13
42.852325,44.047396,Россия,Ставропольский край,Ессентуки,улица Карла Маркса,5
44.156984,44.802969,Россия,Ставропольский край,Будённовск,21,
42.23291,45.091622,Россия,Ставропольский край,село Старомарьевка,улица Свердлова,38
41.922676,44.984473,Россия,Ставропольский край,Ставрополь,улица Доваторцев,86/2
41.936088,45.036757,Россия,Ставропольский край,Ставрополь,улица Семашко,4/1
42.890306,44.048938,Россия,Ставропольский край,Ессентуки,улица Долина Роз,2
41.944721,45.037662,Россия,Ставропольский край,Ставрополь,улица Ленина,347
43.0689,44.047143,Россия,Ставропольский край,Пятигорск,Кузнечная улица,2
41.925848,44.628338,Россия,Ставропольский край,Невинномысск,улица Луначарского,1
42.698839,43.903043,Россия,Ставропольский край,Кисловодск,улица Кутузова,101
43.474265,44.147959,Россия,Ставропольский край,Георгиевск,,
42.50492,44.4597,Россия,Ставропольский край,село Курсавка,улица Стратийчука,
41.904018,45.01209,Россия,Ставропольский край,Ставрополь,улица Рогожникова,1
43.42748,44.201316,Россия,Ставропольский край,станица Подгорная,улица Ленина,57
43.410233,44.11614,Россия,Ставропольский край,станица Незлобная,улица Ленина,224В
43.003511,44.144058,Россия,Ставропольский край,Железноводск,улица Ленина,130А
43.35275,44.223006,Россия,Ставропольский край,станица Александрийская,Комсомольский переулок,16
41.692456,45.360253,Россия,Ставропольский край,Изобильный,Южная улица,200
43.000224,44.71253,Россия,Ставропольский край,село Александровское,улица Блинова,65
43.446309,44.756846,Россия,Ставропольский край,село Новоселицкое,улица Нориковых,
42.011421,45.034279,Россия,Ставропольский край,Ставрополь,улица Достоевского,75
42.045629,45.158548,Россия,Ставропольский край,Михайловск,Прекрасная улица,
41.840696,45.265692,Россия,Ставропольский край,поселок городского типа Рыздвяный,Школьная улица,11
39.694971,45.220685,Россия,Краснодарский край,Усть-Лабинск,Пионерская улица,2Б
37.78518,44.705535,Россия,Краснодарский край,Новороссийск,проспект Ленина,4А
37.785126,44.692868,Россия,Краснодарский край,Новороссийск,проспект Ленина,29
37.379788,44.899211,Россия,Краснодарский край,станица Анапская,улица Мира,14А
38.076872,44.551031,Россия,Краснодарский край,Геленджик,улица Фадеева,1
37.326653,44.88135,Россия,Краснодарский край,Анапа,Промышленная улица,9
37.785656,44.693458,Россия,Краснодарский край,Новороссийск,проспект Ленина,29А
37.786842,44.675923,Россия,Краснодарский край,Новороссийск,Южная улица,21
37.780805,44.673885,Россия,Краснодарский край,Новороссийск,проспект Дзержинского,230
37.32959,44.882972,Россия,Краснодарский край,Анапа,,30
37.32951,44.87541,Россия,Краснодарский край,Анапа,улица Ленина,171
37.766315,44.721837,Россия,Краснодарский край,Новороссийск,улица Сипягина,11
37.773241,44.74024,Россия,Краснодарский край,Новороссийск,улица Шаумяна,22
37.759776,44.728362,Россия,Краснодарский край,Новороссийск,Анапское шоссе,19
37.780778,44.688831,Россия,Краснодарский край,Новороссийск,проспект Дзержинского,172
37.784372,44.701845,Россия,Краснодарский край,Новороссийск,проспект Ленина,18
93.038613,56.021477,Россия,Красноярский край,Красноярск,улица Айвазовского,57
86.134224,55.32537,Россия,Кемеровская область,Кемерово,улица Тухачевского,40
86.68473,54.015046,Россия,Кемеровская область,Киселёвск,Привольная улица,5А
86.307186,54.425928,Россия,Кемеровская область,Белово,улица Ленина,1
86.199289,54.694909,Россия,Кемеровская область,Ленинск-Кузнецкий,улица Спасстанция,15/44
78.311111,55.445972,Россия,Новосибирская область,Куйбышев,,
83.151907,54.751383,Россия,Новосибирская область,Бердск,Барнаульская улица,8
86.02436,55.402102,Россия,Кемеровская область,Кемерово,Инициативная улица,57
86.049855,55.362511,Россия,Кемеровская область,Кемерово,Советский проспект,9А
85.036241,56.52246,Россия,Томская область,Томск,улица Мичурина,
86.637425,53.857582,Россия,Кемеровская область,Прокопьевск,улица Гайдара,41
84.890902,55.71731,Россия,Кемеровская область,Юрга,Шоссейная улица,50В
87.711765,56.204324,Россия,Кемеровская область,Мариинск,улица Котовского,5
86.302775,54.415833,Россия,Кемеровская область,Белово,Советская улица,36
86.303278,54.431469,Россия,Кемеровская область,Белово,улица Чкалова,13
86.292579,54.307053,Россия,Кемеровская область,поселок городского типа Новый Городок,улица Пржевальского,16
86.371254,54.497614,Россия,Кемеровская область,посёлок городского типа Грамотеино,Светлая улица,23
86.439777,54.43271,Россия,Кемеровская область,посёлок городского типа Инской,улица Ильича,15
86.153996,54.667228,Россия,Кемеровская область,Ленинск-Кузнецкий,улица Мусохранова,1
86.178242,54.682065,Россия,Кемеровская область,Ленинск-Кузнецкий,улица Шевцовой,2
86.303754,54.411023,Россия,Кемеровская область,Белово,Советская улица,49
86.158632,54.672263,Россия,Кемеровская область,Ленинск-Кузнецкий,улица Зорина,
86.170166,55.356902,Россия,Кемеровская область,Кемерово,Октябрьский проспект,78
86.164381,55.355152,Россия,Кемеровская область,Кемерово,Октябрьский проспект,70
86.258111,55.616376,Россия,Кемеровская область,Берёзовский,улица Карбышева,3
103.876302,52.556049,Россия,Иркутская область,Ангарск,Октябрьская улица,4А
104.356451,52.252714,Россия,Иркутская область,Иркутск,Байкальская улица,284
103.888725,52.531963,Россия,Иркутская область,Ангарск,,11
103.882698,52.556077,Россия,Иркутская область,Ангарск,,1
104.327498,52.280465,Россия,Иркутская область,Иркутск,Советская улица,69
104.254196,52.28701,Россия,Иркутская область,Иркутск,улица Маяковского,5А
103.869016,52.515678,Россия,Иркутская область,Ангарск,,12
104.292707,52.281693,Россия,Иркутская область,Иркутск,улица Дзержинского,32
103.842013,52.507194,Россия,Иркутская область,Ангарск,,1
103.889857,52.5445,Россия,Иркутская область,Ангарск,улица Ленина,31А
104.236266,52.257367,Россия,Иркутская область,Иркутск,,17
104.280615,52.282376,Россия,Иркутская область,Иркутск,улица Ленина,24
104.272944,52.24698,Россия,Иркутская область,Иркутск,улица Лермонтова,283А
103.892498,52.539188,Россия,Иркутская область,Ангарск,7В,
104.216898,52.351158,Россия,Иркутская область,Иркутск,улица Сибирских Партизан,22
103.853179,52.503565,Россия,Иркутская область,Ангарск,,5
104.318803,52.265205,Россия,Иркутская область,Иркутск,Волжская улица,
104.287218,52.234159,Россия,Иркутская область,Иркутск,Академическая улица,4
104.305148,52.23182,Россия,Иркутская область,Иркутск,,12
103.836533,52.507819,Россия,Иркутская область,Ангарск,,1
104.154815,52.355086,Россия,Иркутская область,Иркутск,улица Розы Люксембург,293
104.29913,52.220478,Россия,Иркутская область,Иркутск,,56
104.258723,52.267416,Россия,Иркутская область,Иркутск,Колхозная улица,28
104.24745,52.254313,Россия,Иркутская область,Иркутск,,44
103.876742,52.519465,Россия,Иркутская область,Ангарск,,1
104.250109,52.279087,Россия,Иркутская область,Иркутск,2-я Железнодорожная улица,72
104.317599,52.277401,Россия,Иркутская область,Иркутск,Депутатская улица,10
101.6392,56.150464,Россия,Иркутская область,Братск,Советская улица,7
104.338889,52.279522,Россия,Иркутская область,Иркутск,Советская улица,176Б
101.63134,56.158441,Россия,Иркутская область,Братск,улица Обручева,25
104.309568,52.262654,Россия,Иркутская область,Иркутск,Байкальская улица,124/2
104.298878,52.281688,Россия,Иркутская область,Иркутск,Партизанская улица,9
101.637394,56.144457,Россия,Иркутская область,Братск,бульвар Космонавтов,34
103.862144,52.506997,Россия,Иркутская область,Ангарск,,45
103.86881,52.536575,Россия,Иркутская область,Ангарск,,8
104.325657,52.255813,Россия,Иркутская область,Иркутск,Байкальская улица,218
104.171272,52.350658,Россия,Иркутская область,Иркутск,улица Розы Люксембург,223
103.884458,52.53939,Россия,Иркутская область,Ангарск,,1
104.22439,52.345899,Россия,Иркутская область,Иркутск,улица Сибирских Партизан,3
103.837944,52.511639,Россия,Иркутская область,Ангарск,,4
104.198851,52.336848,Россия,Иркутская область,Иркутск,улица Розы Люксембург,35
101.6271,56.148689,Россия,Иркутская область,Братск,улица Подбельского,42А
103.834216,52.500473,Россия,Иркутская область,Ангарск,,13
103.852451,52.513859,Россия,Иркутская область,Ангарск,,7
104.162918,52.353326,Россия,Иркутская область,Иркутск,улица Розы Люксембург,263А
104.31794,52.261105,Россия,Иркутская область,Иркутск,Байкальская улица,174А
101.751229,56.310518,Россия,Иркутская область,Братск,улица Наймушина,1
101.613939,56.161794,Россия,Иркутская область,Братск,,
104.33093,52.264649,Россия,Иркутская область,Иркутск,Депутатская улица,73
103.651121,52.757062,Россия,Иркутская область,Усолье-Сибирское,Интернациональная улица,17
103.656044,52.733539,Россия,Иркутская область,Усолье-Сибирское,проспект Красных Партизан,22
103.881117,52.5317,Россия,Иркутская область,Ангарск,,14
104.339491,52.255162,Россия,Иркутская область,Иркутск,Байкальская улица,249А
104.353846,52.249704,Россия,Иркутская область,Иркутск,проспект Маршала Жукова,5/1
103.866833,52.518068,Россия,Иркутская область,Ангарск,,26
101.617587,56.173182,Россия,Иркутская область,Братск,улица Крупской,35
104.294773,52.282013,Россия,Иркутская область,Иркутск,улица Литвинова,17
104.209936,52.264197,Россия,Иркутская область,Иркутск,бульвар Рябикова,4
104.301366,52.286448,Россия,Иркутская область,Иркутск,улица Тимирязева,53
104.320276,52.324757,Россия,Иркутская область,Иркутск,,38
104.324363,52.267024,Россия,Иркутская область,Иркутск,Депутатская улица,68
103.851086,52.511102,Россия,Иркутская область,Ангарск,,41
103.656574,52.732463,Россия,Иркутская область,Усолье-Сибирское,просп.  красных партизан,39
104.20682,52.265029,Россия,Иркутская область,Иркутск,рябикова бул,5б
104.229052,52.2546,Россия,Иркутская область,Иркутск,,10
104.33517,52.279622,Россия,Иркутская область,Иркутск,улица Ядринцева,8А
104.29639,52.281274,Россия,Иркутская область,Иркутск,Байкальская улица,1
104.30672,52.28507,Россия,Иркутская область,Иркутск,улица Декабрьских Событий,87А
103.890064,52.541636,Россия,Иркутская область,Ангарск,,5
103.860913,52.509507,Россия,Иркутская область,Ангарск,,2
104.247998,52.285274,Россия,Иркутская область,Иркутск,2-я Железнодорожная улица,25
103.633945,52.753868,Россия,Иркутская область,Усолье-Сибирское,улица Ленина,93
101.751229,56.310518,Россия,Иркутская область,Братск,улица Наймушина,1
104.356352,52.258211,Россия,Иркутская область,Иркутск,Байкальская улица,289/8
104.324875,52.254925,Россия,Иркутская область,Иркутск,Байкальская улица,216А
101.615835,56.14895,Россия,Иркутская область,Братск,улица Мира,5
104.297505,52.281875,Россия,Иркутская область,Иркутск,улица Партизанская,4
104.234029,52.255967,Россия,Иркутская область,Иркутск,,25
104.094035,52.208984,Россия,Иркутская область,Шелехов,,1
103.888716,52.545136,Россия,Иркутская область,Ангарск,,1
104.244871,52.253045,Россия,Иркутская область,Иркутск,,
104.325747,52.258145,Россия,Иркутская область,Иркутск,Байкальская улица,198А
103.641195,52.756899,Россия,Иркутская область,Усолье-Сибирское,улица Ленина,79
104.340964,52.292358,Россия,Иркутская область,Иркутск,Ленская улица,1Б/1
104.296055,52.284977,Россия,Иркутская область,Иркутск,улица Дзержинского,27
104.330993,52.275776,Россия,Иркутская область,Иркутск,улица Трилиссера,90
104.235064,52.254126,Россия,Иркутская область,Иркутск,мкр-н первомайский,54/1
103.860913,52.509507,Россия,Иркутская область,Ангарск,,2
103.862144,52.506997,Россия,Иркутская область,Ангарск,,45
101.622087,56.155483,Россия,Иркутская область,Братск,улица Кирова,14А/33
104.15301,52.351989,Россия,Иркутская область,Иркутск,улица Баумана,214/2
103.659808,52.729395,Россия,Иркутская область,Усолье-Сибирское,проспект Космонавтов,15
103.861551,52.531152,Россия,Иркутская область,Ангарск,6А,
104.246614,52.219926,Россия,Иркутская область,рабочий посёлок Маркова,,106
104.258139,52.268898,Россия,Иркутская область,Иркутск,улица Лермонтова,65
101.634358,56.149752,Россия,Иркутская область,Братск,проспект Ленина,36
104.29921,52.235885,Россия,Иркутская область,Иркутск,улица Безбокова,1
101.622159,56.168656,Россия,Иркутская область,Братск,улица Гагарина,75
103.647806,52.757596,Россия,Иркутская область,Усолье-Сибирское,улица Ленина,69
104.276842,52.237126,Россия,Иркутская область,Иркутск,улица Помяловского,15
103.525662,52.812121,Россия,Иркутская область,рабочий поселок Белореченский,,32
104.297809,52.269141,Россия,Иркутская область,Иркутск,улица Трилиссера,1А
104.318803,52.278828,Россия,Иркутская область,Иркутск,Депутатская улица,1
103.844941,52.504212,Россия,Иркутская область,Ангарск,,20
103.666204,52.749317,Россия,Иркутская область,Усолье-Сибирское,Интернациональная улица,85
103.649971,52.758119,Россия,Иркутская область,Усолье-Сибирское,Интернациональная улица,3
101.755065,56.303616,Россия,Иркутская область,Братск,улица Наймушина,24
104.294593,52.227942,Россия,Иркутская область,Иркутск,,1
